create table person (driver_id varchar(10),
name varchar(20), address varchar(30), primary key(driver_id));
create table car(reg_num varchar(10),model varchar(10),year int, primary
key(reg_num));
create table accidents(report_num int, accident_date date, location
varchar(20),primary key(report_num));
create table owns(driver_id varchar(10),reg_num varchar(10),
primary key(driver_id, reg_num),
foreign key(driver_id) references person(driver_id),
foreign key(reg_num) references car(reg_num));
create table participated(driver_id varchar(10), reg_num varchar(10),
report_num int, damage_amount int,
primary key(driver_id, reg_num, report_num),
foreign key(driver_id) references person(driver_id),
foreign key(reg_num) references car(reg_num),
foreign key(report_num) references accident(report_num));
insert into accident values (11, '2003-01-01','Mysore Road');
insert into accident values (12, '2004-02-02','South end Circle');
insert into accident values (13,'2003-01-21','Bull temple Road');
insert into accident values (14,'2008-02-17','Mysore Road');
insert into accident values (15,'2004-03-05','Kanakpura Road');
insert into person values('A01','Richard','Srinivas nagar');
insert into person values('A02','Pradeep','Rajaji nagar');
insert into person values('A03','Smith','Ashok nagar');
insert into person values('A04','Venu','N R Colony');
insert into person values('A05','Jhon','Hanumanth nagar');
insert into car values('KA052250','Indica',1990);
insert into car values('KA031181','Lancer',1957);
insert into car values('KA053408','honda',1957);
insert into car values('KA095477','Toyota',2008);
insert into car values('KA041702','Audi',2004);
insert into owns values ('A01', 'KA052250');
insert into owns values ('A02', 'KA053408');
insert into owns values ('A03', 'KA031181');
insert into owns values ('A04', 'KA095477');
insert into owns values ('A05', 'KA041702');
insert into participated values('A01','KA052250',11,10000);
insert into participated values('A02','KA053408',12,10000);
insert into participated values('A03','KA031181',13,10000);
insert into participated values('A04','KA095477',14,10000);
insert into participated values('A05','KA041702',15,10000);
update participated set damage_amount=25000
where reg_num='KA053408' and report_num=12;
select accident_date,location from accident; 
select driver_id from participated where damage_amount>=2500;

